"diff","lwr","upr","p.adj","Comparison","Normalized_Comparison"
0.0147332833020448,0.00733127231910778,0.0221352942849819,0.00012742220022266,"Mindanao-Luzon","Luzon-Mindanao"
