"diff","lwr","upr","p adj","Comparison"
0.0403477589286358,0.0353191707459415,0.0453763471113302,0,"Mindanao-Luzon"
