"diff","lwr","upr","p adj","Comparison"
-0.0906411310935522,-0.103325067176098,-0.077957195011006,0,"Mindanao-Luzon"
