"diff","lwr","upr","p adj","Comparison"
0.0928607873919051,0.0786366948097791,0.107084879974031,0,"Mindanao-Luzon"
