"Comparison","Z","P.unadj","P.adj"
"Luzon - Mindanao",-10.0198393548806,1.2470547488097e-23,1.2470547488097e-23
