"Comparison","Z","P.unadj","P.adj"
"Luzon - Mindanao",-3.65016193340065,0.000262075035031197,0.000262075035031197
