"Comparison","Z","P.unadj","P.adj"
"Luzon - Mindanao",-5.49334886207222,3.94382633082555e-08,3.94382633082555e-08
