"Comparison","Z","P.unadj","P.adj"
"Luzon - Mindanao",9.39338078680545,5.81046271964072e-21,5.81046271964072e-21
