"Comparison","Z","P.unadj","P.adj"
"Luzon - Mindanao",-9.23766179772328,2.5194240611941e-20,2.5194240611941e-20
